{
  "project_info": {
    "project_number": "285671210389",
    "project_id": "health-a0704",
    "storage_bucket": "health-a0704.appspot.com"
  },
  "client": [
    {
      "client_info": {
        "mobilesdk_app_id": "1:285671210389:android:00b227c034d08b97cb8a9c",
        "android_client_info": {
          "package_name": "com.example.health"
        }
      },
      "oauth_client": [],
      "api_key": [
        {
          "current_key": "AIzaSyBaFlohXuimxIW0KnATMyRQ79iqqrgTHoA"
        }
      ],
      "services": {
        "appinvite_service": {
          "other_platform_oauth_client": []
        }
      }
    }
  ],
  "configuration_version": "1"
}